{"cameraMode":{"drawMode":0,"name":"Shaded","section":"Shading Mode"},"sceneLighting":true,"audioPlay":false,"sceneViewState":{"m_AlwaysRefresh":false,"showFog":true,"showSkybox":true,"showFlares":true,"showImageEffects":true,"showParticleSystems":true,"showVisualEffectGraphs":true,"m_FxEnabled":true},"in2DMode":false,"pivot":{"x":-5.227285861968994,"y":2.2143654823303224,"z":6.7405548095703129},"rotation":{"x":-0.007846655324101448,"y":-0.987276554107666,"z":0.15073658525943757,"w":-0.05248430371284485},"size":12.050485610961914,"orthographic":false}